,dog,wolf,cat,tiger,car,bus,truck,airplane,chair,table
dog,0.9999999,0.8418823,0.8731214,0.78590137,0.7656957,0.74607307,0.7632982,0.77400994,0.76250815,0.72768724
wolf,0.8418823,0.9999999,0.831117,0.82127225,0.67364645,0.6937551,0.70544374,0.7133757,0.6960167,0.6702591
cat,0.8731214,0.831117,1.0,0.84562695,0.7582785,0.7329078,0.7516978,0.76020664,0.7672499,0.726799
tiger,0.78590137,0.82127225,0.84562695,1.0,0.6855392,0.7092431,0.71171606,0.7163747,0.7096441,0.6882236
car,0.7656957,0.67364645,0.7582785,0.6855392,1.0,0.78063166,0.86162776,0.7812387,0.79943216,0.7665819
bus,0.74607307,0.6937551,0.7329078,0.7092431,0.78063166,0.99999976,0.8716516,0.81276375,0.7551676,0.72103506
truck,0.7632982,0.70544374,0.7516978,0.71171606,0.86162776,0.8716516,1.0,0.81019485,0.7746998,0.74983877
airplane,0.77400994,0.7133757,0.76020664,0.7163747,0.7812387,0.81276375,0.81019485,1.0,0.76549774,0.7239459
chair,0.76250815,0.6960167,0.7672499,0.7096441,0.79943216,0.7551676,0.7746998,0.76549774,0.9999999,0.8370685
table,0.72768724,0.6702591,0.726799,0.6882236,0.7665819,0.72103506,0.74983877,0.7239459,0.8370685,0.99999994
