epoch,train_loss,val_accuracy
1,3.8299932403564454,0.946
2,3.658048231124878,0.996
3,3.491859661102295,1.0
4,3.327302276611328,1.0
5,3.1657820873260496,1.0
6,3.0073435306549072,1.0
7,2.8512998485565184,1.0
8,2.6992364044189454,1.0
9,2.5511591358184815,1.0
10,2.4073620071411135,1.0
11,2.267618185043335,1.0
12,2.1320180702209472,1.0
13,2.002682512283325,1.0
14,1.8780644779205322,1.0
15,1.758718267440796,1.0
16,1.6456501216888428,1.0
17,1.5385137042999268,1.0
18,1.4373386878967285,1.0
19,1.3419429550170898,1.0
20,1.2525862712860107,1.0
